,cylinders,displacement,horsepower,weight,acceleration,mpg
0,4.0,169.0,85.0,3335.0,16.0,-43.6424107635799
1,4.0,162.0,120.0,2970.0,15.0,-42.93180394072574
2,7.0,242.0,117.0,2874.0,17.0,-47.772181850867256
3,7.0,248.0,78.0,3610.0,17.0,-49.23194059828016
4,5.0,222.0,112.0,2211.0,12.0,-38.736275584407764
5,4.0,205.0,103.0,3418.0,15.0,-47.00252262853865
6,6.0,206.0,96.0,3129.0,16.0,-46.25008884394581
7,5.0,150.0,65.0,2854.0,17.0,-39.62683302534631
8,11.0,272.0,142.0,2918.0,16.0,-56.533942592078944
9,5.0,240.0,145.0,2619.0,13.0,-45.60978349435866
10,5.0,210.0,125.0,3068.0,14.0,-47.08196001986082
11,8.0,278.0,122.0,2993.0,16.0,-50.93283010280167
12,9.0,261.0,102.0,2765.0,14.0,-47.309208234254065
13,5.0,211.0,90.0,3679.0,18.0,-47.38783857795403
14,6.0,196.0,119.0,2563.0,13.0,-44.362909968859526
15,8.0,200.0,128.0,2549.0,16.0,-45.38976119587299
16,3.0,168.0,110.0,2980.0,14.0,-41.693902646690766
17,9.0,254.0,132.0,2637.0,13.0,-51.50390964666396
18,8.0,225.0,121.0,3026.0,14.0,-50.67387894651435
19,7.0,193.0,110.0,3549.0,18.0,-51.718012285326694
20,6.0,194.0,132.0,2819.0,15.0,-45.652513521055155
21,6.0,198.0,122.0,3055.0,13.0,-48.22860965391572
22,9.0,262.0,133.0,3105.0,16.0,-54.73480290495324
23,7.0,226.0,119.0,2743.0,14.0,-45.4926776095141
24,15.0,317.0,136.0,3700.0,15.0,-68.32087792361617
25,5.0,189.0,126.0,2520.0,15.0,-39.94830840918922
26,8.0,206.0,94.0,3018.0,15.0,-47.370620652584556
27,3.0,165.0,138.0,2261.0,13.0,-37.4950961184663
28,6.0,188.0,120.0,3206.0,15.0,-47.39318031847768
29,7.0,160.0,88.0,3712.0,18.0,-51.1754806995476
30,6.0,156.0,99.0,3056.0,17.0,-44.56097765041267
31,5.0,235.0,142.0,2772.0,13.0,-47.677425451964446
32,8.0,230.0,110.0,3272.0,16.0,-52.19938901258199
33,4.0,147.0,107.0,3109.0,17.0,-40.85681989850258
34,9.0,210.0,116.0,3492.0,17.0,-54.70245221059348
35,6.0,162.0,96.0,3207.0,17.0,-46.39249300926918
36,7.0,198.0,109.0,2689.0,16.0,-44.25309010450293
37,4.0,209.0,108.0,3029.0,16.0,-45.71716223946167
38,3.0,203.0,116.0,2885.0,15.0,-41.00382283281078
39,6.0,157.0,98.0,2837.0,14.0,-43.02293398149045
40,9.0,232.0,109.0,3116.0,15.0,-50.67683628900832
41,10.0,244.0,105.0,3273.0,15.0,-53.68981417887161
42,9.0,263.0,142.0,2969.0,13.0,-53.70975976985783
43,9.0,265.0,106.0,3005.0,17.0,-50.02562547062446
44,8.0,220.0,135.0,2137.0,10.0,-42.80881545044559
45,10.0,223.0,91.0,3347.0,15.0,-54.319914072439815
46,3.0,182.0,132.0,2403.0,13.0,-38.71506180069738
47,12.0,247.0,87.0,3577.0,18.0,-58.28607056413788
48,6.0,211.0,101.0,2890.0,16.0,-46.122019153990784
49,5.0,220.0,77.0,3205.0,18.0,-44.28344812083578
50,9.0,218.0,104.0,3292.0,17.0,-52.09501939408923
51,4.0,207.0,115.0,2672.0,16.0,-41.71985266301907
52,7.0,245.0,127.0,2883.0,14.0,-48.05826046377826
53,8.0,216.0,101.0,3309.0,18.0,-50.501853184223236
54,6.0,190.0,101.0,2523.0,13.0,-43.445869763302674
55,4.0,226.0,132.0,2606.0,16.0,-39.79236950121225
56,4.0,162.0,90.0,2429.0,14.0,-36.242718692601834
57,4.0,178.0,104.0,3047.0,16.0,-43.31564847817606
58,9.0,237.0,106.0,2966.0,14.0,-49.316618058314106
59,7.0,213.0,138.0,2549.0,13.0,-47.419693171042816
60,10.0,251.0,119.0,2740.0,14.0,-50.971800477502434
61,10.0,336.0,169.0,2671.0,12.0,-56.99837134419325
62,5.0,213.0,136.0,3018.0,16.0,-47.39411198479632
63,5.0,157.0,91.0,3061.0,17.0,-41.59115811438907
64,6.0,165.0,98.0,2570.0,14.0,-39.90072669443925
65,5.0,150.0,76.0,2745.0,15.0,-37.94251012753848
66,8.0,251.0,123.0,3033.0,15.0,-51.31684961755297
67,8.0,185.0,116.0,2072.0,14.0,-37.82266205175518
68,7.0,252.0,107.0,3295.0,16.0,-52.434651868038905
69,12.0,333.0,138.0,3151.0,14.0,-59.883388134375494
70,5.0,191.0,94.0,3306.0,14.0,-47.65284279581743
71,7.0,253.0,157.0,2048.0,13.0,-43.733053844244125
72,5.0,181.0,83.0,2669.0,15.0,-39.899818236669475
73,6.0,231.0,88.0,3135.0,15.0,-46.66035364089683
74,7.0,226.0,109.0,3593.0,17.0,-53.45398899722919
75,13.0,365.0,189.0,2383.0,10.0,-58.32737785789766
76,4.0,139.0,94.0,2797.0,14.0,-39.72875174137589
77,7.0,210.0,122.0,2681.0,16.0,-45.77937831689763
78,8.0,189.0,85.0,3198.0,18.0,-47.53941085577294
79,4.0,226.0,129.0,2478.0,13.0,-38.517028315474704
80,8.0,231.0,111.0,2719.0,14.0,-46.004324974141106
81,4.0,170.0,108.0,2549.0,16.0,-37.71813381763184
82,9.0,261.0,145.0,3118.0,15.0,-54.185306320077586
83,6.0,224.0,145.0,2051.0,13.0,-40.56801081611886
84,7.0,192.0,102.0,3286.0,17.0,-48.94758439730485
85,5.0,180.0,98.0,3110.0,17.0,-44.35551457994429
86,7.0,245.0,86.0,3274.0,16.0,-47.33208284396474
87,8.0,234.0,138.0,2258.0,11.0,-45.97403862974601
88,4.0,235.0,140.0,2652.0,14.0,-44.84360070829787
89,12.0,263.0,119.0,2975.0,13.0,-56.140796163844755
90,8.0,218.0,112.0,3048.0,16.0,-48.90205270297958
91,6.0,207.0,116.0,3044.0,17.0,-47.0043462195465
92,8.0,215.0,123.0,2819.0,14.0,-47.30918306461416
93,12.0,204.0,110.0,2830.0,15.0,-51.94093295796429
94,10.0,265.0,122.0,3096.0,16.0,-54.96224957537796
95,5.0,210.0,131.0,2098.0,12.0,-38.315482119426854
96,4.0,206.0,99.0,3962.0,18.0,-51.367204061015194
97,7.0,244.0,99.0,3308.0,15.0,-50.224512422087955
98,6.0,175.0,85.0,3337.0,17.0,-46.98297032108934
99,3.0,173.0,97.0,2419.0,15.0,-35.22838363679821
100,8.0,229.0,132.0,2933.0,15.0,-50.83052969734689
101,12.0,269.0,124.0,2579.0,14.0,-51.541619167389435
102,4.0,196.0,116.0,2331.0,14.0,-36.86530378419779
103,4.0,218.0,114.0,3628.0,17.0,-49.9231039550755
104,7.0,233.0,115.0,3010.0,16.0,-49.82196353864737
105,5.0,234.0,110.0,3372.0,16.0,-48.9839841027642
106,4.0,188.0,99.0,2916.0,16.0,-41.491472075286175
107,7.0,247.0,128.0,3080.0,15.0,-49.66011732891282
108,4.0,190.0,56.0,3830.0,18.0,-44.87665972357705
109,10.0,285.0,156.0,2610.0,12.0,-54.03240680848639
110,7.0,280.0,127.0,3153.0,16.0,-50.85099400286719
111,8.0,184.0,90.0,3549.0,19.0,-51.243041205086435
112,4.0,139.0,87.0,2630.0,15.0,-35.88808232611574
113,9.0,244.0,124.0,3025.0,13.0,-52.74716955982164
114,4.0,130.0,55.0,3833.0,17.0,-43.347630796976894
115,10.0,242.0,115.0,3363.0,16.0,-55.502098494968266
116,6.0,230.0,137.0,2330.0,13.0,-42.35537294696016
117,5.0,177.0,104.0,2702.0,15.0,-41.87882162672792
118,4.0,149.0,93.0,2838.0,17.0,-39.13814427959335
119,7.0,203.0,92.0,3392.0,14.0,-49.248128630604626
120,9.0,248.0,144.0,2825.0,13.0,-55.35488311344137
121,8.0,190.0,100.0,3026.0,15.0,-50.2387465946858
122,4.0,113.0,70.0,3788.0,16.0,-46.461492386007016
123,7.0,233.0,135.0,3007.0,17.0,-49.18257057448366
124,5.0,163.0,89.0,3412.0,16.0,-46.385575315611234
125,6.0,199.0,111.0,3142.0,14.0,-49.41297198466231
126,6.0,232.0,106.0,2877.0,14.0,-44.70752197831082
127,6.0,188.0,92.0,2864.0,16.0,-42.77783210879317
128,5.0,173.0,141.0,2012.0,14.0,-37.382780761547004
129,6.0,184.0,130.0,2413.0,14.0,-42.815985064841186
130,6.0,203.0,89.0,2983.0,16.0,-43.714627293153946
131,10.0,306.0,165.0,3093.0,14.0,-59.01324080803196
132,4.0,162.0,110.0,2833.0,13.0,-42.40448052470132
133,6.0,215.0,96.0,3070.0,16.0,-46.50063842636062
134,5.0,203.0,122.0,2426.0,13.0,-39.74256533644075
135,14.0,354.0,147.0,2956.0,13.0,-63.08352845675941
136,6.0,229.0,112.0,3079.0,14.0,-49.159434451669156
137,6.0,249.0,141.0,2179.0,14.0,-40.84049228307656
138,4.0,130.0,67.0,3210.0,19.0,-40.31586904274132
139,4.0,170.0,92.0,2157.0,12.0,-33.58513055693088
140,7.0,235.0,144.0,2220.0,13.0,-45.164869665477795
141,9.0,288.0,127.0,3485.0,16.0,-58.65259252087657
142,4.0,216.0,99.0,2878.0,14.0,-42.048759023764894
143,8.0,216.0,125.0,2603.0,13.0,-46.40551269184007
144,6.0,244.0,125.0,3104.0,15.0,-49.57986241393105
145,8.0,204.0,102.0,3593.0,17.0,-52.87133531821137
146,14.0,335.0,125.0,3353.0,13.0,-65.64603744159287
147,9.0,228.0,102.0,3072.0,15.0,-50.777347534579334
148,5.0,155.0,88.0,2897.0,18.0,-39.834841653176454
149,6.0,208.0,84.0,3004.0,17.0,-43.136189386173065
150,6.0,230.0,118.0,2271.0,14.0,-41.02200220704528
151,6.0,235.0,129.0,2974.0,15.0,-48.11535641173126
152,14.0,321.0,126.0,3601.0,15.0,-65.96683223576429
153,10.0,238.0,78.0,3647.0,18.0,-53.89386285970929
154,6.0,178.0,139.0,2188.0,13.0,-40.71392898822273
155,6.0,178.0,93.0,3165.0,16.0,-45.70216839690095
156,11.0,331.0,135.0,2570.0,14.0,-54.29184423380539
157,6.0,211.0,129.0,2436.0,12.0,-42.747109208097896
158,7.0,217.0,74.0,3774.0,16.0,-52.376254066890596
159,6.0,198.0,93.0,3995.0,18.0,-55.89443765561237
160,17.0,341.0,129.0,3246.0,15.0,-68.71572426108133
161,9.0,319.0,145.0,2883.0,14.0,-54.419445178860286
162,4.0,190.0,95.0,3561.0,17.0,-48.27681046451615
163,4.0,137.0,90.0,2594.0,16.0,-35.703480079616156
164,4.0,191.0,117.0,2690.0,15.0,-40.670774615507014
165,6.0,225.0,128.0,2334.0,13.0,-42.15242922762643
166,5.0,132.0,82.0,3188.0,16.0,-42.72961888869681
167,7.0,180.0,129.0,2628.0,14.0,-44.81844249863624
168,4.0,237.0,152.0,1877.0,10.0,-37.15461568633785
169,7.0,223.0,118.0,3156.0,15.0,-51.139772241897816
170,8.0,216.0,99.0,3289.0,17.0,-49.33455788831068
171,4.0,201.0,103.0,3191.0,16.0,-43.52432325754873
172,5.0,190.0,87.0,2761.0,15.0,-40.50323818099344
173,10.0,235.0,100.0,2593.0,15.0,-46.91604457686349
174,6.0,158.0,107.0,3007.0,15.0,-44.90028601788289
175,5.0,172.0,69.0,3444.0,17.0,-44.90633658298519
176,12.0,299.0,118.0,3140.0,16.0,-57.361904888138575
177,8.0,229.0,116.0,2694.0,14.0,-46.97952762663642
178,8.0,225.0,101.0,2977.0,15.0,-48.1812707631294
179,6.0,213.0,148.0,2627.0,11.0,-47.19235084695926
180,6.0,202.0,120.0,2747.0,15.0,-43.745996071481336
181,5.0,124.0,97.0,2987.0,15.0,-41.045357093509544
182,7.0,191.0,99.0,3583.0,17.0,-51.89444429345447
183,4.0,149.0,68.0,3676.0,18.0,-46.08725647994708
184,13.0,308.0,148.0,2595.0,13.0,-56.162243545317594
185,4.0,252.0,150.0,2085.0,10.0,-39.87525028441835
186,6.0,166.0,63.0,3821.0,19.0,-47.267317076549986
187,5.0,149.0,99.0,2632.0,15.0,-39.69602132503707
188,6.0,181.0,98.0,2928.0,14.0,-42.73700904743394
189,6.0,235.0,105.0,2814.0,14.0,-42.27892157822705
190,4.0,183.0,89.0,2736.0,15.0,-38.785561385413665
191,4.0,155.0,96.0,2475.0,15.0,-34.645453888565626
192,8.0,204.0,100.0,3472.0,17.0,-51.78887493640002
193,8.0,181.0,109.0,2501.0,15.0,-42.6156207030697
194,8.0,235.0,108.0,3338.0,16.0,-53.513134492448536
195,8.0,201.0,91.0,2910.0,15.0,-46.32994990648082
196,3.0,167.0,106.0,2611.0,16.0,-37.934838829360764
197,5.0,211.0,77.0,3411.0,18.0,-46.909169874110724
198,11.0,323.0,149.0,2934.0,15.0,-56.984249798141
199,9.0,269.0,120.0,3400.0,17.0,-55.7584558541702
200,8.0,200.0,86.0,3236.0,16.0,-48.3592553921424
201,12.0,283.0,152.0,2465.0,12.0,-54.35471885529539
202,5.0,160.0,64.0,3653.0,18.0,-44.25898876900774
203,11.0,287.0,130.0,3015.0,15.0,-55.78139312233846
204,6.0,178.0,107.0,2994.0,16.0,-45.183214516819
205,5.0,214.0,103.0,2795.0,14.0,-41.358353645242445
206,4.0,176.0,98.0,3396.0,17.0,-44.19475423820478
207,9.0,270.0,122.0,2768.0,15.0,-50.61202473208227
208,7.0,244.0,129.0,3092.0,15.0,-50.456414694076315
209,7.0,243.0,110.0,3073.0,16.0,-47.62488999771238
210,7.0,238.0,151.0,2227.0,13.0,-44.41765824459557
211,7.0,246.0,122.0,2818.0,14.0,-49.015466965603245
212,5.0,195.0,142.0,2619.0,13.0,-45.230169862579096
213,4.0,134.0,86.0,3019.0,16.0,-39.660412386415786
214,7.0,210.0,113.0,3059.0,15.0,-49.12187567744524
215,5.0,206.0,118.0,2312.0,12.0,-40.19828663092556
216,10.0,297.0,161.0,2523.0,14.0,-54.060452563349315
217,5.0,235.0,124.0,2886.0,15.0,-45.00126734814546
218,11.0,309.0,145.0,2441.0,14.0,-53.97465968170439
219,13.0,251.0,67.0,4159.0,18.0,-59.76203432911341
220,7.0,188.0,81.0,2904.0,17.0,-43.91430314526511
221,6.0,178.0,89.0,2946.0,15.0,-44.473296577779614
222,9.0,287.0,144.0,2901.0,15.0,-52.30112831939352
223,3.0,150.0,101.0,2810.0,15.0,-36.55060243384503
224,13.0,289.0,162.0,2230.0,12.0,-54.09899840856166
225,4.0,178.0,99.0,2569.0,13.0,-38.964267267660375
226,5.0,191.0,111.0,3400.0,16.0,-48.91917352620873
227,5.0,161.0,106.0,2959.0,16.0,-43.17491255108354
228,5.0,166.0,83.0,2505.0,14.0,-36.74114289420249
229,11.0,228.0,89.0,3690.0,17.0,-57.750280228903016
230,5.0,189.0,139.0,1945.0,12.0,-37.890681468543434
231,7.0,238.0,109.0,3231.0,17.0,-47.92925390234508
232,8.0,232.0,151.0,2606.0,14.0,-48.96362070903766
233,4.0,181.0,106.0,3236.0,16.0,-45.39669302431998
234,11.0,203.0,137.0,2403.0,13.0,-51.68953460985463
235,6.0,153.0,91.0,2815.0,15.0,-41.96317974815729
236,5.0,203.0,89.0,3230.0,18.0,-45.88833190214557
237,5.0,164.0,111.0,2223.0,14.0,-36.99569292420836
238,9.0,264.0,127.0,2976.0,14.0,-53.909126832300714
239,8.0,217.0,115.0,2488.0,12.0,-45.26541707867257
240,6.0,271.0,117.0,3490.0,17.0,-52.24011308620158
241,6.0,180.0,107.0,2801.0,15.0,-44.00850689844599
242,10.0,252.0,106.0,2926.0,15.0,-52.39563465992585
243,6.0,243.0,121.0,3400.0,17.0,-50.79840691247321
244,6.0,201.0,95.0,3204.0,14.0,-47.49261371215165
245,8.0,214.0,126.0,2769.0,13.0,-48.67553383173296
246,5.0,133.0,72.0,2980.0,17.0,-38.34849748455401
247,6.0,243.0,121.0,2791.0,15.0,-45.67248106034774
248,11.0,292.0,152.0,2603.0,13.0,-57.06005160563707
249,4.0,115.0,99.0,2788.0,16.0,-41.01901026168366
250,3.0,176.0,121.0,2354.0,13.0,-36.94160942718444
251,7.0,235.0,89.0,2962.0,16.0,-44.50135995432489
252,10.0,191.0,85.0,3740.0,17.0,-57.51302425431043
253,5.0,194.0,62.0,3288.0,18.0,-42.420662482699136
254,4.0,197.0,131.0,3034.0,15.0,-45.471091011693254
255,13.0,282.0,126.0,3368.0,16.0,-62.85509446651167
256,6.0,203.0,151.0,2082.0,13.0,-41.67311893229272
257,8.0,164.0,97.0,2964.0,16.0,-46.83510103677656
258,10.0,250.0,98.0,4428.0,20.0,-63.455459732253566
259,8.0,223.0,97.0,3400.0,16.0,-51.77738796192217
260,9.0,242.0,97.0,3257.0,17.0,-52.17667976306677
261,9.0,220.0,122.0,2801.0,15.0,-49.264489219873376
262,10.0,296.0,156.0,2593.0,13.0,-54.69392873693481
263,10.0,217.0,119.0,3051.0,15.0,-54.16604468858226
264,6.0,202.0,110.0,3383.0,16.0,-47.43476361577952
265,7.0,213.0,115.0,2406.0,14.0,-42.03649459988775
266,5.0,216.0,116.0,2651.0,15.0,-41.62521678902761
267,5.0,220.0,128.0,2783.0,15.0,-42.25332798028187
268,7.0,193.0,84.0,3105.0,17.0,-45.22440032104688
269,4.0,175.0,51.0,3545.0,19.0,-42.41275897483482
270,3.0,178.0,111.0,3139.0,15.0,-44.65009314700866
271,4.0,209.0,133.0,2623.0,15.0,-42.34251977369429
272,6.0,174.0,107.0,2641.0,14.0,-43.131739670802745
273,4.0,161.0,75.0,3330.0,17.0,-42.582235525999614
274,9.0,246.0,127.0,3082.0,15.0,-51.72345470198086
275,7.0,203.0,90.0,3602.0,17.0,-50.54779135218901
276,6.0,222.0,106.0,3645.0,16.0,-52.05106535606869
277,8.0,237.0,103.0,3151.0,14.0,-51.4601611450874
278,7.0,176.0,93.0,2786.0,16.0,-43.028793265527504
279,4.0,134.0,61.0,2960.0,16.0,-38.0114295322985
280,6.0,193.0,107.0,3013.0,16.0,-47.00740997411185
281,8.0,269.0,119.0,3140.0,17.0,-50.52541303838682
282,4.0,217.0,102.0,2522.0,14.0,-39.25838403269823
283,9.0,267.0,112.0,2847.0,15.0,-51.7108557904912
284,9.0,242.0,121.0,2981.0,14.0,-53.39078838453051
285,11.0,237.0,98.0,3154.0,16.0,-52.85471837203531
286,10.0,306.0,160.0,2650.0,12.0,-55.330369934285564
287,6.0,205.0,117.0,2492.0,15.0,-43.22740148437656
288,4.0,163.0,92.0,2626.0,15.0,-36.19618145017519
289,12.0,275.0,115.0,3164.0,16.0,-55.33615842827171
290,8.0,234.0,137.0,2814.0,15.0,-49.49948672293351
291,7.0,209.0,99.0,2996.0,15.0,-48.14450010000396
292,3.0,165.0,76.0,3403.0,18.0,-41.052565404779784
293,5.0,209.0,127.0,2223.0,15.0,-38.55907914258755
294,11.0,256.0,114.0,3292.0,15.0,-56.53499675672271
295,10.0,247.0,124.0,3156.0,15.0,-53.617614206510005
296,6.0,212.0,129.0,3085.0,14.0,-49.032905882632754
297,10.0,259.0,107.0,3377.0,16.0,-56.34760740962809
298,6.0,185.0,80.0,3413.0,17.0,-46.98071734549709
299,8.0,236.0,112.0,2994.0,16.0,-47.93806147050494
300,5.0,224.0,127.0,2504.0,13.0,-42.20113177529169
301,16.0,370.0,155.0,3383.0,15.0,-69.5640624184642
302,4.0,193.0,116.0,2251.0,13.0,-37.42979114837791
303,7.0,214.0,94.0,3868.0,18.0,-53.91798285625271
304,4.0,90.0,56.0,2501.0,16.0,-30.340650766503977
305,12.0,325.0,148.0,3138.0,14.0,-60.178826314112804
306,9.0,253.0,122.0,3049.0,13.0,-50.8089535370189
307,7.0,222.0,130.0,2758.0,14.0,-44.18851835305096
308,4.0,108.0,57.0,3494.0,19.0,-41.94332188962475
309,5.0,213.0,143.0,2334.0,14.0,-40.93656188109269
310,8.0,263.0,147.0,2616.0,14.0,-49.16325816846393
311,5.0,174.0,107.0,2764.0,15.0,-41.844849512696996
312,3.0,195.0,105.0,2650.0,16.0,-39.33172951156467
313,13.0,306.0,139.0,3292.0,14.0,-63.68856727957065
314,5.0,133.0,69.0,3109.0,15.0,-41.13391408215913
315,4.0,211.0,106.0,2687.0,15.0,-41.09047100100629
316,7.0,245.0,100.0,3150.0,14.0,-47.97291055458122
317,7.0,214.0,83.0,3577.0,16.0,-51.705463536359
318,3.0,145.0,82.0,2935.0,17.0,-40.51337807464723
319,4.0,161.0,105.0,2707.0,14.0,-40.72325984090921
320,12.0,291.0,163.0,2202.0,13.0,-54.36979402169058
321,7.0,237.0,161.0,2113.0,15.0,-44.37823768659329
322,3.0,162.0,118.0,2730.0,14.0,-41.95885114926604
323,10.0,275.0,120.0,3220.0,16.0,-54.72357932874088
324,6.0,224.0,108.0,3084.0,14.0,-49.83227624358124
325,6.0,158.0,97.0,3147.0,15.0,-46.8492909988916
326,4.0,204.0,93.0,3507.0,16.0,-47.489695619994706
327,8.0,285.0,128.0,3243.0,16.0,-53.91498595048225
328,5.0,253.0,110.0,3530.0,18.0,-49.865320750472165
329,8.0,245.0,141.0,2690.0,13.0,-50.05394772747357
330,12.0,272.0,147.0,2963.0,14.0,-58.71910742394362
331,8.0,281.0,139.0,2801.0,14.0,-51.17649299056011
332,7.0,165.0,101.0,2710.0,15.0,-43.3219938031424
333,7.0,274.0,139.0,3012.0,13.0,-50.846050590588874
334,4.0,175.0,136.0,2217.0,12.0,-38.33545407570336
335,9.0,285.0,126.0,3841.0,15.0,-61.401001384019175
336,6.0,184.0,122.0,3455.0,14.0,-52.128058785889735
337,6.0,191.0,99.0,3425.0,17.0,-49.611007110717345
338,7.0,191.0,102.0,3243.0,14.0,-49.074572671996826
339,10.0,260.0,126.0,2538.0,13.0,-49.91733024626006
340,4.0,168.0,125.0,2095.0,14.0,-36.17285127606888
341,14.0,408.0,173.0,2728.0,12.0,-64.809578344907
342,5.0,142.0,60.0,3036.0,18.0,-36.48162954175759
343,3.0,210.0,108.0,2624.0,13.0,-38.64637049110027
344,5.0,242.0,138.0,3118.0,15.0,-48.810516692304496
345,3.0,123.0,78.0,3660.0,18.0,-44.145139884068456
346,7.0,262.0,96.0,4156.0,18.0,-56.54443025777286
347,11.0,348.0,136.0,3382.0,14.0,-61.36354773378764
348,12.0,261.0,98.0,3668.0,17.0,-60.00877330752654
349,7.0,264.0,113.0,3378.0,15.0,-51.57837101500738
350,12.0,304.0,159.0,2267.0,11.0,-52.3716543885839
351,7.0,227.0,111.0,2701.0,14.0,-45.336880024804444
352,6.0,163.0,100.0,3166.0,16.0,-45.66447310423342
353,4.0,159.0,94.0,2984.0,16.0,-42.77741997086521
354,7.0,229.0,111.0,2954.0,14.0,-46.84267991656449
355,5.0,230.0,108.0,3138.0,16.0,-45.92898537483751
356,9.0,273.0,109.0,3430.0,17.0,-54.72417783278241
357,6.0,216.0,98.0,3686.0,18.0,-51.516053806059794
358,8.0,218.0,96.0,3011.0,16.0,-48.73442915334525
359,5.0,224.0,132.0,3121.0,15.0,-48.59494887728224
360,5.0,172.0,90.0,2963.0,15.0,-43.540110283827545
361,6.0,163.0,89.0,3024.0,18.0,-42.942226691134124
362,12.0,300.0,141.0,3065.0,14.0,-59.9362989627691
363,8.0,280.0,113.0,3508.0,15.0,-55.994189244062866
364,7.0,213.0,86.0,3743.0,17.0,-54.00956018101352
365,5.0,227.0,112.0,3204.0,15.0,-48.06345243063811
366,10.0,254.0,101.0,3886.0,18.0,-59.38109113201022
367,4.0,240.0,129.0,2763.0,14.0,-44.078848438141826
368,9.0,270.0,135.0,3214.0,17.0,-54.731002701342945
369,9.0,261.0,100.0,3185.0,15.0,-52.47588420713392
370,6.0,105.0,52.0,3030.0,18.0,-38.08797563015994
371,5.0,234.0,113.0,3090.0,17.0,-44.77251659950727
372,10.0,199.0,92.0,2673.0,16.0,-45.170762265890836
373,4.0,157.0,64.0,3732.0,17.0,-45.47789136920879
374,7.0,245.0,143.0,2361.0,13.0,-45.26652490776965
375,7.0,197.0,99.0,2833.0,16.0,-44.72023130424633
376,7.0,198.0,84.0,3993.0,18.0,-54.0117856570575
377,8.0,257.0,107.0,3300.0,16.0,-50.92970738833787
378,3.0,177.0,104.0,2259.0,15.0,-33.52056463105375
379,12.0,298.0,136.0,3250.0,16.0,-60.97244484640006
380,8.0,221.0,107.0,2841.0,15.0,-46.52084429747497
381,6.0,250.0,132.0,2306.0,14.0,-43.38929279558922
382,11.0,307.0,149.0,2840.0,15.0,-56.413409423375825
383,7.0,170.0,85.0,3393.0,18.0,-47.12712533723587
384,11.0,291.0,139.0,3394.0,15.0,-61.69479427579765
385,6.0,135.0,90.0,3573.0,15.0,-46.494662894275145
386,8.0,223.0,132.0,2726.0,17.0,-45.93405086019279
387,4.0,154.0,100.0,2720.0,15.0,-40.50770296866996
388,8.0,295.0,128.0,3520.0,16.0,-54.53912381327486
389,5.0,167.0,98.0,2719.0,14.0,-39.843704759286545
390,3.0,126.0,88.0,2696.0,16.0,-35.31576456466714
391,8.0,242.0,149.0,2772.0,15.0,-51.807713166342836
392,10.0,245.0,93.0,2986.0,15.0,-50.45845888570348
393,4.0,160.0,81.0,3387.0,15.0,-44.40639638422211
394,7.0,217.0,98.0,3343.0,17.0,-51.31142301907379
395,4.0,164.0,101.0,2663.0,15.0,-40.93202682750906
396,12.0,266.0,122.0,2922.0,14.0,-55.49288434002509
397,4.0,183.0,104.0,3059.0,15.0,-43.49793906138965
398,6.0,225.0,112.0,3166.0,15.0,-48.37706362633955
399,4.0,155.0,101.0,2343.0,15.0,-36.75416833804623
400,6.0,165.0,87.0,3082.0,17.0,-44.970882743823445
401,9.0,286.0,125.0,3044.0,13.0,-52.43192319725975
402,5.0,207.0,85.0,3371.0,15.0,-45.56937952170471
403,6.0,185.0,108.0,2888.0,15.0,-43.19447984172717
404,11.0,283.0,134.0,3031.0,15.0,-58.535450320666016
405,5.0,238.0,126.0,2871.0,15.0,-46.07360575493151
406,7.0,216.0,98.0,3416.0,16.0,-49.52597624577838
407,11.0,287.0,124.0,3495.0,17.0,-61.70691604953072
408,9.0,204.0,104.0,2935.0,15.0,-48.67147448559306
409,6.0,201.0,111.0,3400.0,19.0,-49.548290976333185
410,4.0,181.0,93.0,3234.0,17.0,-41.68794525894618
411,6.0,197.0,135.0,2548.0,13.0,-44.87303523751844
412,9.0,229.0,122.0,2530.0,14.0,-48.80348948075682
413,3.0,207.0,96.0,3023.0,15.0,-39.44067057328706
414,3.0,162.0,140.0,2156.0,14.0,-36.483190119145775
415,5.0,173.0,96.0,3273.0,16.0,-45.225310095390036
416,10.0,265.0,99.0,3540.0,16.0,-55.837130008082575
417,6.0,221.0,108.0,2647.0,14.0,-42.365374552780246
418,12.0,297.0,117.0,2847.0,15.0,-53.94371138620732
419,4.0,241.0,99.0,3175.0,18.0,-44.56181794171298
420,6.0,160.0,78.0,3183.0,17.0,-42.95093216242594
421,4.0,122.0,46.0,3227.0,18.0,-39.29363572448063
422,4.0,142.0,78.0,3124.0,17.0,-40.53856487242804
423,4.0,145.0,93.0,3091.0,17.0,-40.57785720003395
424,8.0,237.0,125.0,3141.0,15.0,-52.9974505889534
425,8.0,277.0,129.0,3164.0,15.0,-52.43686970037167
426,4.0,141.0,107.0,2895.0,15.0,-40.836766589292694
427,12.0,275.0,106.0,3621.0,16.0,-59.30765845027542
428,11.0,285.0,130.0,2816.0,15.0,-52.384733371106684
429,4.0,161.0,108.0,2429.0,16.0,-35.6895461711393
430,6.0,194.0,77.0,3903.0,19.0,-51.378678745152136
431,13.0,333.0,138.0,3344.0,15.0,-64.72893626349673
432,7.0,220.0,129.0,3031.0,15.0,-49.50702237644376
433,5.0,267.0,144.0,2439.0,13.0,-43.308329440025815
434,7.0,189.0,118.0,2787.0,14.0,-45.34003128555371
435,4.0,170.0,151.0,2204.0,13.0,-37.80305324160842
436,8.0,253.0,156.0,2862.0,15.0,-50.84478185116232
437,7.0,204.0,124.0,2548.0,15.0,-45.667715696117185
438,6.0,232.0,124.0,3439.0,17.0,-52.23873762977046
439,4.0,156.0,127.0,2426.0,14.0,-38.572368569418266
440,8.0,262.0,133.0,3124.0,14.0,-52.11107123648556
441,6.0,207.0,128.0,2352.0,14.0,-40.44089141384246
442,8.0,218.0,111.0,2841.0,14.0,-47.12081206179054
443,9.0,303.0,127.0,2800.0,12.0,-51.68883029609277
444,5.0,183.0,129.0,2857.0,15.0,-45.48176850073693
445,8.0,237.0,119.0,2979.0,18.0,-49.62608055925411
446,8.0,257.0,117.0,2791.0,15.0,-48.22950848392863
447,8.0,230.0,83.0,2785.0,15.0,-43.35164701015531
448,8.0,201.0,134.0,2796.0,15.0,-50.83098752588567
449,9.0,280.0,115.0,3153.0,15.0,-53.286254747298166
450,6.0,195.0,100.0,3135.0,16.0,-47.147665564979036
451,4.0,161.0,101.0,2457.0,14.0,-36.948691943693824
452,3.0,174.0,99.0,3473.0,18.0,-45.4234441517046
453,7.0,225.0,94.0,3308.0,16.0,-49.14340137642624
454,6.0,198.0,105.0,2890.0,15.0,-45.78539698205936
455,5.0,201.0,98.0,3164.0,17.0,-46.220972089083325
456,5.0,195.0,85.0,3630.0,18.0,-48.53697524443539
457,4.0,179.0,110.0,2902.0,14.0,-43.11447924720021
458,10.0,292.0,135.0,3003.0,15.0,-54.613119657898594
459,7.0,238.0,132.0,2865.0,13.0,-49.236360169677425
460,9.0,267.0,118.0,3383.0,16.0,-54.52186690128466
461,7.0,260.0,133.0,2654.0,15.0,-48.2748290890994
462,5.0,166.0,86.0,3119.0,16.0,-44.282726289491535
463,6.0,186.0,118.0,2690.0,15.0,-42.87518827849259
464,8.0,207.0,114.0,2834.0,14.0,-48.12925449721367
465,5.0,177.0,99.0,3143.0,16.0,-44.0879471889507
466,6.0,193.0,111.0,2833.0,14.0,-44.89076608239658
467,7.0,221.0,132.0,2532.0,14.0,-46.69619614530042
468,4.0,172.0,94.0,2972.0,16.0,-42.26719947599093
469,5.0,225.0,117.0,3117.0,15.0,-47.95895877976761
470,8.0,179.0,122.0,2520.0,16.0,-44.10270986805863
471,6.0,244.0,140.0,2609.0,13.0,-47.5031346626625
472,6.0,187.0,98.0,2948.0,16.0,-43.16532778611268
473,6.0,216.0,125.0,3003.0,15.0,-47.60708947861374
474,5.0,194.0,129.0,2943.0,15.0,-46.46692437143
475,6.0,196.0,120.0,2724.0,15.0,-43.97426688332773
476,7.0,231.0,78.0,3575.0,19.0,-51.4118445645288
477,3.0,272.0,131.0,3164.0,16.0,-46.049912941448255
478,7.0,235.0,139.0,2963.0,14.0,-48.366558683476136
479,4.0,200.0,135.0,2711.0,15.0,-42.00675107998494
480,6.0,210.0,139.0,1720.0,12.0,-35.46858915735488
481,6.0,220.0,104.0,3340.0,16.0,-50.03563570608571
482,8.0,221.0,132.0,3084.0,16.0,-49.87354885942247
483,5.0,182.0,87.0,2926.0,16.0,-41.67017326466382
484,12.0,270.0,139.0,3081.0,15.0,-58.58091287637205
485,6.0,184.0,94.0,3279.0,16.0,-47.94307213673842
486,7.0,265.0,134.0,2529.0,13.0,-47.1417031095225
487,3.0,187.0,104.0,3058.0,17.0,-40.684075698986774
488,6.0,228.0,91.0,3161.0,16.0,-46.16022856901467
489,4.0,162.0,96.0,2697.0,15.0,-39.6094274854681
490,10.0,268.0,133.0,3714.0,16.0,-60.86228558180488
491,8.0,247.0,95.0,3810.0,17.0,-54.33853037657469
492,6.0,181.0,93.0,3215.0,17.0,-46.40384279315879
493,10.0,233.0,139.0,2530.0,15.0,-48.22485805054191
494,5.0,189.0,114.0,3085.0,17.0,-46.43140644754226
495,8.0,262.0,132.0,2343.0,15.0,-44.4427694830637
496,8.0,240.0,103.0,3315.0,17.0,-51.81868306248119
497,15.0,385.0,152.0,2734.0,13.0,-62.66552740811655
498,6.0,223.0,120.0,2414.0,13.0,-42.55383487473753
499,9.0,231.0,138.0,2564.0,15.0,-48.80813414928663
500,8.0,247.0,99.0,3099.0,15.0,-49.26589847528862
501,5.0,151.0,103.0,2985.0,16.0,-43.12543210653737
502,12.0,237.0,107.0,3146.0,15.0,-55.48049751211427
503,11.0,317.0,162.0,2613.0,14.0,-55.8376634937335
504,6.0,201.0,111.0,2868.0,16.0,-46.514553165093794
505,3.0,173.0,65.0,3907.0,18.0,-45.12980129629605
506,6.0,161.0,75.0,3201.0,17.0,-43.559204381964086
507,4.0,161.0,101.0,3186.0,14.0,-44.43533075352238
508,5.0,138.0,65.0,3555.0,19.0,-43.39026090689293
509,10.0,279.0,127.0,3263.0,16.0,-55.224751084539584
510,5.0,166.0,112.0,2678.0,14.0,-41.38300902754607
511,11.0,244.0,84.0,3361.0,17.0,-53.8544798081378
512,4.0,224.0,121.0,3246.0,16.0,-48.89952980614954
513,7.0,208.0,122.0,2671.0,15.0,-45.386181929183856
514,4.0,150.0,60.0,3301.0,17.0,-40.70213497935993
515,5.0,164.0,112.0,2247.0,13.0,-37.973778908887624
516,10.0,254.0,90.0,3857.0,18.0,-58.528157435903275
517,7.0,243.0,115.0,2727.0,16.0,-45.305804692258484
518,11.0,273.0,136.0,2727.0,15.0,-54.29115487019573
519,11.0,306.0,136.0,3337.0,14.0,-61.86648229145205
520,6.0,223.0,116.0,3183.0,15.0,-49.0778748367227
521,6.0,192.0,115.0,2695.0,15.0,-46.09469354492649
522,6.0,216.0,96.0,3650.0,16.0,-52.52901399325401
523,7.0,261.0,118.0,3022.0,16.0,-48.781454463969155
524,9.0,266.0,108.0,3817.0,16.0,-58.22331077074329
525,9.0,246.0,115.0,2844.0,14.0,-49.829105748581355
526,5.0,148.0,58.0,3246.0,18.0,-41.545800584727864
527,8.0,244.0,116.0,2801.0,13.0,-48.8954195797292
528,4.0,175.0,105.0,2605.0,15.0,-38.803171921777334
529,6.0,203.0,108.0,2840.0,14.0,-43.22031810263494
530,6.0,211.0,126.0,2713.0,16.0,-43.71809194959138
531,6.0,231.0,125.0,2680.0,17.0,-44.215790540766896
532,5.0,192.0,132.0,2201.0,13.0,-38.417837476080216
533,5.0,179.0,121.0,2281.0,12.0,-39.85763347574036
534,11.0,231.0,137.0,2502.0,12.0,-50.47780953489296
535,4.0,195.0,103.0,3001.0,17.0,-42.764945871321785
536,6.0,226.0,129.0,2723.0,14.0,-47.1137815609283
537,10.0,285.0,137.0,2791.0,14.0,-52.1907775314833
538,4.0,185.0,109.0,2980.0,15.0,-44.518138069031004
539,6.0,143.0,52.0,3808.0,19.0,-45.05567505802171
540,6.0,238.0,104.0,3105.0,16.0,-48.61744871756215
541,9.0,285.0,115.0,3179.0,15.0,-53.53712245919192
542,7.0,143.0,106.0,3178.0,16.0,-47.73551105061492
543,4.0,209.0,98.0,3135.0,16.0,-45.413969562253
544,6.0,218.0,115.0,2985.0,15.0,-45.68443605469211
545,9.0,252.0,157.0,2789.0,13.0,-53.32166923696213
546,7.0,246.0,101.0,3360.0,17.0,-50.82181182186882
547,4.0,154.0,62.0,3897.0,18.0,-46.88035557126444
548,12.0,281.0,115.0,2884.0,15.0,-54.131565764331384
549,10.0,260.0,146.0,3003.0,14.0,-55.3526470452852
550,7.0,220.0,137.0,2611.0,15.0,-47.574651399793325
551,8.0,222.0,107.0,3118.0,19.0,-49.00357943371055
552,8.0,226.0,111.0,3108.0,17.0,-51.38306810890778
553,6.0,230.0,132.0,2812.0,15.0,-45.6571241663363
554,5.0,126.0,56.0,3189.0,18.0,-42.050331257285904
555,4.0,150.0,50.0,4076.0,18.0,-47.282171580448036
556,7.0,181.0,97.0,3054.0,16.0,-44.72180067681562
557,4.0,148.0,86.0,2204.0,14.0,-34.12528668316088
558,5.0,198.0,95.0,2536.0,15.0,-37.730636094496894
559,5.0,185.0,109.0,2446.0,13.0,-39.61561426464474
560,6.0,169.0,110.0,2749.0,17.0,-44.00614846449504
561,6.0,152.0,123.0,2448.0,15.0,-42.54297553873052
562,12.0,273.0,108.0,3397.0,16.0,-58.18923471799479
563,5.0,196.0,97.0,3207.0,16.0,-45.85120963862492
564,7.0,203.0,86.0,3408.0,16.0,-49.73672774696986
565,8.0,219.0,87.0,3317.0,16.0,-50.229396761321766
566,7.0,202.0,129.0,2795.0,13.0,-47.999835371970654
567,4.0,216.0,75.0,3383.0,18.0,-43.01528901811251
568,7.0,178.0,81.0,3374.0,17.0,-49.16754194796743
569,5.0,156.0,91.0,2790.0,15.0,-39.9517517106893
570,7.0,207.0,133.0,2015.0,12.0,-39.77747786387969
571,7.0,204.0,81.0,3794.0,18.0,-52.18221688265075
572,7.0,217.0,111.0,3422.0,15.0,-49.788932115911116
573,6.0,168.0,101.0,3066.0,15.0,-46.352852937472136
574,6.0,224.0,105.0,3468.0,18.0,-51.46621067045743
575,8.0,210.0,109.0,2812.0,17.0,-47.43028746030394
576,7.0,270.0,128.0,2666.0,12.0,-47.42816073740248
577,7.0,230.0,119.0,2829.0,15.0,-46.97429424809063
578,6.0,147.0,74.0,3138.0,16.0,-42.94670817417763
579,8.0,252.0,121.0,3032.0,15.0,-51.09368590711827
580,9.0,236.0,122.0,2732.0,14.0,-49.67008174346157
581,3.0,166.0,112.0,2946.0,14.0,-43.01723616744856
582,4.0,208.0,130.0,2301.0,14.0,-39.88386366320527
583,4.0,190.0,97.0,2853.0,14.0,-40.20225134236021
584,5.0,153.0,72.0,3277.0,17.0,-43.35494978986902
585,4.0,165.0,117.0,2696.0,16.0,-39.73307504270465
586,9.0,240.0,136.0,2758.0,14.0,-50.254785147784084
587,4.0,148.0,120.0,2201.0,14.0,-36.73116804078661
588,6.0,176.0,87.0,3265.0,19.0,-44.844123680334796
589,7.0,250.0,134.0,2339.0,14.0,-45.442463949399716
590,13.0,308.0,152.0,2541.0,14.0,-57.46100148697759
591,5.0,199.0,121.0,2842.0,14.0,-43.9138759578352
592,14.0,324.0,151.0,3447.0,18.0,-65.27652406813456
593,4.0,163.0,93.0,2939.0,16.0,-39.8028889297567
594,6.0,199.0,127.0,2924.0,15.0,-46.442784545215204
595,5.0,173.0,103.0,2898.0,16.0,-44.009855456185356
596,6.0,220.0,130.0,2395.0,13.0,-44.172579101216975
597,10.0,203.0,122.0,2474.0,14.0,-46.284659595976315
598,5.0,217.0,95.0,2459.0,16.0,-36.871597557995884
599,5.0,208.0,100.0,3693.0,18.0,-48.05168202974142
600,9.0,277.0,114.0,2983.0,14.0,-51.432712987312975
601,3.0,171.0,90.0,3381.0,16.0,-45.05877993421817
602,5.0,218.0,118.0,3186.0,16.0,-47.48644255461992
603,8.0,217.0,125.0,2986.0,13.0,-50.1455726433562
604,6.0,168.0,91.0,3273.0,17.0,-47.18992554513259
605,5.0,211.0,87.0,3374.0,17.0,-44.67036951431284
606,6.0,224.0,110.0,3030.0,15.0,-46.31118517614164
607,3.0,121.0,82.0,3476.0,17.0,-42.70116938678239
608,12.0,294.0,130.0,2789.0,15.0,-55.102924742714194
609,5.0,220.0,90.0,3380.0,18.0,-45.88738606739902
610,6.0,218.0,126.0,2388.0,14.0,-42.27495082946488
611,9.0,218.0,103.0,3062.0,15.0,-50.95380554770662
612,6.0,171.0,127.0,2321.0,13.0,-40.14047134239666
613,12.0,352.0,148.0,3407.0,13.0,-64.17666634524534
614,4.0,160.0,112.0,2729.0,15.0,-41.45751612173365
615,11.0,238.0,109.0,2795.0,14.0,-51.02610600913662
616,5.0,201.0,98.0,2858.0,16.0,-41.32037147924155
617,5.0,164.0,86.0,3521.0,19.0,-46.515142660459965
618,5.0,237.0,127.0,2627.0,14.0,-43.441324380588526
619,7.0,246.0,155.0,2023.0,11.0,-43.38237513415278
620,3.0,159.0,89.0,3027.0,16.0,-40.10292386126413
621,3.0,222.0,119.0,3271.0,14.0,-47.30972818642355
622,5.0,227.0,118.0,2735.0,16.0,-42.69408121551527
623,5.0,214.0,132.0,3016.0,16.0,-48.582636772858805
624,4.0,198.0,96.0,2804.0,15.0,-40.80222716088986
625,8.0,275.0,99.0,3109.0,16.0,-49.47656496118139
626,6.0,192.0,115.0,2648.0,14.0,-43.388804370528646
627,5.0,190.0,125.0,2322.0,13.0,-40.58212665172766
628,5.0,180.0,116.0,2890.0,16.0,-43.25257982617757
629,7.0,239.0,79.0,3558.0,18.0,-48.843747317456526
630,5.0,168.0,101.0,2751.0,16.0,-41.4652848624093
631,12.0,256.0,132.0,3075.0,14.0,-58.26029070734992
632,6.0,221.0,134.0,2418.0,14.0,-41.910770127451606
633,8.0,254.0,139.0,2966.0,14.0,-52.449352005079085
634,5.0,184.0,110.0,2387.0,14.0,-38.01680275028957
635,7.0,240.0,97.0,3184.0,15.0,-49.94329486534166
636,8.0,241.0,104.0,3446.0,17.0,-52.96814649530432
637,6.0,211.0,78.0,3578.0,18.0,-49.276398750935435
638,6.0,191.0,95.0,2370.0,16.0,-38.70010515033219
639,9.0,223.0,99.0,3160.0,15.0,-51.06737677467688
640,8.0,207.0,87.0,3117.0,17.0,-48.54260987399199
641,10.0,266.0,127.0,2642.0,14.0,-51.15338743990522
642,7.0,246.0,99.0,3438.0,16.0,-50.63051890314512
643,5.0,186.0,92.0,3338.0,17.0,-46.366391271135804
644,6.0,165.0,68.0,3629.0,18.0,-48.13154979737581
645,5.0,216.0,130.0,2641.0,14.0,-42.13978008395991
646,8.0,225.0,135.0,2392.0,13.0,-45.603009850985096
647,11.0,265.0,141.0,2431.0,14.0,-50.426231566736234
648,7.0,212.0,113.0,2646.0,16.0,-44.09735514240235
649,10.0,240.0,101.0,3707.0,17.0,-59.13485092521492
650,9.0,247.0,148.0,2212.0,12.0,-48.36714046564611
651,7.0,221.0,88.0,3702.0,16.0,-51.571814132775835
652,3.0,174.0,106.0,2897.0,16.0,-41.248665040110026
653,4.0,170.0,96.0,3033.0,14.0,-41.991793915006
654,7.0,223.0,112.0,3401.0,16.0,-53.13280178274159
655,9.0,218.0,117.0,3124.0,17.0,-51.37282743209808
656,8.0,201.0,105.0,2845.0,15.0,-47.35749337989734
657,6.0,225.0,116.0,2705.0,14.0,-44.24539662518943
658,7.0,201.0,111.0,3043.0,15.0,-47.821084525017014
659,5.0,187.0,111.0,2993.0,15.0,-43.66926212220397
660,5.0,153.0,83.0,3135.0,18.0,-42.37734136562836
661,7.0,223.0,117.0,2841.0,13.0,-47.33510630318179
662,7.0,250.0,130.0,3157.0,14.0,-50.73144130894529
663,3.0,123.0,91.0,2923.0,16.0,-38.77650005604228
664,5.0,203.0,85.0,3694.0,19.0,-48.45444252133861
665,7.0,222.0,152.0,2199.0,13.0,-43.12378969266146
666,7.0,206.0,123.0,3054.0,14.0,-48.403173032907915
667,6.0,167.0,84.0,3151.0,17.0,-45.50483138894183
668,10.0,235.0,116.0,3570.0,16.0,-57.74679472844019
669,7.0,211.0,131.0,2478.0,12.0,-44.610462540730886
670,13.0,347.0,119.0,3434.0,15.0,-61.621301022793695
671,7.0,189.0,73.0,3626.0,19.0,-47.37491192193081
672,5.0,180.0,86.0,3016.0,16.0,-39.69947021811318
673,10.0,269.0,124.0,3454.0,19.0,-56.595942258611736
674,7.0,215.0,116.0,2869.0,16.0,-45.351166411937115
675,6.0,139.0,81.0,3240.0,16.0,-45.10473502555723
676,7.0,223.0,117.0,3059.0,14.0,-50.39423679391941
677,5.0,190.0,82.0,3778.0,18.0,-49.43320244842234
678,11.0,275.0,123.0,2479.0,14.0,-50.259669043058274
679,9.0,273.0,114.0,3288.0,16.0,-52.38528560250456
680,5.0,186.0,127.0,3263.0,15.0,-49.63381840163555
681,9.0,228.0,113.0,2641.0,14.0,-48.07432378445367
682,5.0,209.0,90.0,3021.0,16.0,-43.818103483114776
683,4.0,177.0,113.0,2812.0,15.0,-40.26016756040047
684,12.0,282.0,118.0,3349.0,15.0,-58.99960801801112
685,5.0,201.0,120.0,2813.0,15.0,-44.284913981822875
686,6.0,208.0,119.0,2646.0,14.0,-45.15335327276515
687,5.0,185.0,114.0,2424.0,14.0,-38.826284560529345
688,10.0,222.0,108.0,3199.0,16.0,-54.522265249978425
689,10.0,297.0,146.0,2304.0,13.0,-50.015119803059
690,4.0,223.0,142.0,2282.0,13.0,-40.203907312461666
691,4.0,185.0,93.0,3160.0,14.0,-44.877027606702555
692,5.0,224.0,113.0,2901.0,16.0,-42.19815862160673
693,7.0,178.0,101.0,3400.0,17.0,-50.370427055614385
694,5.0,170.0,69.0,3374.0,17.0,-45.634055944523986
695,9.0,250.0,98.0,3334.0,16.0,-51.16603396631887
696,5.0,158.0,78.0,3285.0,16.0,-44.65875319443386
697,6.0,174.0,127.0,2806.0,17.0,-44.02028296367265
698,5.0,214.0,127.0,2693.0,13.0,-44.75625795859196
699,6.0,183.0,112.0,2667.0,15.0,-41.463421442999106
700,4.0,150.0,100.0,2691.0,16.0,-39.89843264074623
701,7.0,202.0,101.0,2742.0,14.0,-44.38795970873043
702,6.0,211.0,112.0,3004.0,15.0,-45.47383343080735
703,6.0,186.0,98.0,2881.0,15.0,-44.65723936476848
704,3.0,151.0,67.0,3751.0,18.0,-46.08302142052688
705,8.0,190.0,113.0,3291.0,17.0,-51.905448920980795
706,6.0,165.0,87.0,3658.0,17.0,-48.487206339029164
707,7.0,218.0,87.0,3573.0,17.0,-52.051057662511525
708,4.0,168.0,96.0,3317.0,16.0,-44.85918430703634
709,12.0,268.0,112.0,3361.0,14.0,-58.487481062976045
710,5.0,209.0,121.0,2641.0,14.0,-41.61791302460042
711,7.0,236.0,125.0,2830.0,15.0,-45.49784649836982
712,5.0,158.0,121.0,2396.0,14.0,-39.65732049346774
713,3.0,155.0,90.0,3140.0,19.0,-40.82358174539587
714,10.0,265.0,109.0,3656.0,16.0,-58.88864119057809
715,4.0,176.0,139.0,2501.0,13.0,-41.13782307864733
716,6.0,207.0,136.0,2565.0,14.0,-44.984890368451126
717,7.0,217.0,78.0,3489.0,18.0,-48.24691621093029
718,5.0,208.0,132.0,2613.0,14.0,-43.85510647608824
719,10.0,231.0,95.0,3756.0,17.0,-57.00887784894588
720,6.0,136.0,96.0,2990.0,15.0,-43.31290668634489
721,9.0,249.0,105.0,3228.0,15.0,-52.82567959813209
722,8.0,247.0,121.0,3101.0,16.0,-51.146305237135714
723,6.0,193.0,118.0,2824.0,16.0,-44.36197649213308
724,9.0,204.0,85.0,3381.0,17.0,-50.845686265871
725,6.0,213.0,104.0,2857.0,16.0,-44.090471976063974
726,6.0,165.0,107.0,3270.0,16.0,-47.47820152791221
727,4.0,125.0,83.0,2878.0,17.0,-39.17107311792121
728,7.0,218.0,107.0,3141.0,17.0,-49.188667190309864
729,5.0,198.0,103.0,3001.0,16.0,-44.15928790754826
730,7.0,276.0,143.0,2259.0,13.0,-43.87334656129703
731,6.0,219.0,94.0,3372.0,17.0,-49.62593515334445
732,4.0,200.0,124.0,3268.0,15.0,-47.57123157078655
733,3.0,202.0,91.0,2934.0,15.0,-37.47262100354437
734,4.0,190.0,116.0,2311.0,14.0,-37.19368929586289
735,9.0,298.0,122.0,2894.0,15.0,-50.77313569998408
736,6.0,198.0,77.0,3205.0,17.0,-42.86011019891971
737,10.0,262.0,109.0,3364.0,15.0,-56.329302357807414
738,6.0,222.0,118.0,2537.0,13.0,-42.671338421119245
739,9.0,246.0,122.0,3854.0,16.0,-59.847411820184504
740,4.0,188.0,112.0,2525.0,14.0,-38.8268314562351
741,7.0,184.0,98.0,3354.0,16.0,-48.563627517457014
742,7.0,224.0,123.0,2933.0,15.0,-47.11577184207884
743,8.0,295.0,132.0,3162.0,15.0,-53.09343331740805
744,5.0,233.0,113.0,3003.0,15.0,-46.2605903501674
745,3.0,147.0,103.0,2240.0,14.0,-33.839760743238585
746,8.0,250.0,114.0,3504.0,16.0,-53.12245688625207
747,5.0,157.0,99.0,2715.0,16.0,-40.05081283231619
748,8.0,220.0,98.0,2898.0,17.0,-45.169926860245326
749,10.0,265.0,147.0,3100.0,13.0,-57.61262995134424
750,6.0,169.0,84.0,3065.0,17.0,-42.66501891872776
751,7.0,196.0,116.0,2774.0,15.0,-44.700507100232684
752,5.0,206.0,75.0,3536.0,18.0,-45.87265296137837
753,4.0,182.0,108.0,3104.0,16.0,-42.61102179598635
754,4.0,162.0,72.0,3298.0,17.0,-42.68447193829618
755,8.0,182.0,94.0,2986.0,16.0,-45.73113124524481
756,5.0,190.0,115.0,2870.0,15.0,-43.763924734693205
757,12.0,271.0,121.0,3400.0,14.0,-61.90363424360781
758,6.0,172.0,100.0,3045.0,16.0,-44.471342883377936
759,4.0,129.0,97.0,3069.0,18.0,-41.13658329326992
760,8.0,223.0,102.0,3163.0,15.0,-50.667743359535706
761,9.0,210.0,92.0,3967.0,18.0,-55.432883679782606
762,8.0,255.0,114.0,3583.0,16.0,-55.57874437335434
763,4.0,150.0,110.0,3308.0,15.0,-46.18807906829483
764,7.0,227.0,132.0,2129.0,14.0,-41.443737072218624
765,8.0,252.0,187.0,1723.0,11.0,-46.33164495917636
766,8.0,229.0,108.0,3261.0,16.0,-54.283951638437735
767,4.0,193.0,114.0,2736.0,15.0,-42.0744115284565
768,5.0,179.0,91.0,3292.0,19.0,-44.526296558393135
769,4.0,204.0,91.0,3510.0,18.0,-46.19634457336057
770,8.0,265.0,115.0,2971.0,15.0,-50.73658998794702
771,8.0,254.0,94.0,3405.0,16.0,-51.188992339604404
772,10.0,266.0,137.0,2992.0,14.0,-54.59918364332713
773,10.0,275.0,122.0,2925.0,13.0,-54.40253012018446
774,5.0,171.0,77.0,3085.0,14.0,-44.673318498212986
775,7.0,233.0,125.0,2716.0,14.0,-49.01191796161095
776,8.0,256.0,140.0,2895.0,14.0,-50.3094569919673
777,8.0,279.0,168.0,2521.0,13.0,-51.19587566368809
778,5.0,217.0,105.0,3390.0,17.0,-49.05850023160876
779,5.0,178.0,112.0,3009.0,15.0,-43.05914773369798
780,8.0,222.0,87.0,3424.0,18.0,-50.92273930931197
781,8.0,287.0,127.0,2880.0,16.0,-50.94967877420714
782,6.0,148.0,80.0,2878.0,16.0,-40.643637480556926
783,5.0,149.0,101.0,2821.0,16.0,-39.69292863846555
784,5.0,197.0,115.0,3034.0,17.0,-45.102311726707384
785,6.0,239.0,110.0,3166.0,15.0,-47.05369365874332
786,11.0,297.0,102.0,3543.0,15.0,-60.2640502888708
787,6.0,228.0,129.0,2413.0,12.0,-43.328182824389756
788,7.0,197.0,123.0,2741.0,15.0,-46.11615899183508
